{"stats":{"minecraft:picked_up":{"minecraft:birch_log":8,"iceandfire:dragonbone":8,"minecraft:wheat":1,"iceandfire:dragon_skull_fire":1,"minecraft:sand":2,"minecraft:white_bed":3,"luminousworld:palm_log":1,"minecraft:wheat_seeds":5,"minecraft:hay_block":5,"minecraft:bread":2},"minecraft:used":{"minecraft:bread":3,"minecraft:wooden_pickaxe":1,"minecraft:sand":2,"minecraft:crafting_table":1,"minecraft:white_bed":1},"minecraft:mined":{"minecraft:hay_block":5,"minecraft:white_bed":3,"minecraft:birch_log":8,"minecraft:wheat":2,"minecraft:torch":1,"minecraft:sand":2,"luminousworld:palm_log":1},"minecraft:custom":{"minecraft:time_since_rest":3450,"minecraft:interact_with_furnace":1,"minecraft:sprint_one_cm":25947,"minecraft:damage_taken":205,"minecraft:walk_one_cm":43263,"minecraft:damage_dealt":76,"minecraft:swim_one_cm":1458,"minecraft:interact_with_crafting_table":2,"minecraft:fly_one_cm":27598,"minecraft:open_chest":1,"minecraft:crouch_one_cm":671,"minecraft:play_time":13074,"minecraft:sneak_time":541,"minecraft:walk_under_water_one_cm":1753,"minecraft:jump":265,"minecraft:walk_on_water_one_cm":2801,"minecraft:time_since_death":13074,"minecraft:sleep_in_bed":1,"minecraft:climb_one_cm":1030,"minecraft:total_world_time":13074,"minecraft:fall_one_cm":7487},"minecraft:crafted":{"minecraft:crafting_table":1,"minecraft:stick":8,"minecraft:wooden_pickaxe":1,"minecraft:birch_planks":32,"minecraft:bread":15,"luminousworld:palmplank":4,"minecraft:wheat":45}},"DataVersion":3465}