{"stats":{"minecraft:picked_up":{"iceandfire:dragonbone":14,"minecraft:wheat":16,"minecraft:pumpkin_pie":2,"minecraft:wheat_seeds":26,"minecraft:white_bed":1},"minecraft:used":{"minecraft:bread":1,"minecraft:pumpkin_pie":1},"minecraft:mined":{"minecraft:white_bed":1},"minecraft:custom":{"minecraft:time_since_rest":3450,"minecraft:open_chest":2,"minecraft:interact_with_furnace":4,"minecraft:play_time":11593,"minecraft:sprint_one_cm":40165,"minecraft:damage_taken":136,"minecraft:walk_one_cm":20921,"minecraft:sneak_time":45,"minecraft:walk_under_water_one_cm":879,"minecraft:drop":2,"minecraft:jump":166,"minecraft:time_since_death":11593,"minecraft:walk_on_water_one_cm":1013,"minecraft:sleep_in_bed":3,"minecraft:climb_one_cm":756,"minecraft:total_world_time":11593,"minecraft:interact_with_crafting_table":1,"minecraft:swim_one_cm":2194,"minecraft:fall_one_cm":1809,"minecraft:fly_one_cm":48642},"minecraft:dropped":{"minecraft:bread":2},"minecraft:crafted":{"minecraft:bread":4}},"DataVersion":3465}