{"stats":{"minecraft:custom":{"minecraft:jump":20,"minecraft:time_since_rest":15982,"minecraft:play_time_without_seven_curses":15982,"minecraft:crouch_one_cm":505,"minecraft:leave_game":1,"minecraft:play_time":15982,"minecraft:sprint_one_cm":7989,"minecraft:time_since_death":15982,"minecraft:walk_one_cm":26380,"minecraft:sneak_time":75,"minecraft:total_world_time":15982,"minecraft:fly_one_cm":2556,"minecraft:fall_one_cm":216,"minecraft:drop":1},"minecraft:used":{"byg:aspen_log":1},"minecraft:dropped":{"ars_nouveau:worn_notebook":1},"minecraft:picked_up":{"byg:aspen_log":2,"ars_nouveau:worn_notebook":1},"minecraft:mined":{"projectvibrantjourneys:short_grass":3,"byg:aspen_log":2}},"DataVersion":2975}