{"stats":{"minecraft:mined":{"ecologics:coconut_log":2},"minecraft:custom":{"minecraft:jump":93,"minecraft:time_since_rest":15937,"minecraft:walk_on_water_one_cm":294,"minecraft:sprint_one_cm":8579,"minecraft:play_time":15937,"minecraft:damage_taken":20,"minecraft:time_since_death":15937,"minecraft:walk_one_cm":11226,"minecraft:total_world_time":15937,"minecraft:walk_under_water_one_cm":27,"minecraft:swim_one_cm":1250,"minecraft:fall_one_cm":1658,"minecraft:fly_one_cm":19049},"minecraft:picked_up":{"ecologics:coconut_log":2}},"DataVersion":3465}