{"stats":{"minecraft:custom":{"minecraft:jump":49,"minecraft:time_since_rest":27982,"minecraft:play_time_without_seven_curses":27982,"minecraft:crouch_one_cm":947,"minecraft:leave_game":1,"minecraft:play_time":27982,"minecraft:sprint_one_cm":34596,"minecraft:time_since_death":27982,"minecraft:walk_one_cm":58983,"minecraft:sneak_time":157,"minecraft:total_world_time":27982,"minecraft:fly_one_cm":11132,"minecraft:fall_one_cm":427,"minecraft:drop":1},"minecraft:used":{"byg:aspen_log":1},"minecraft:dropped":{"ars_nouveau:worn_notebook":1},"minecraft:picked_up":{"byg:aspen_log":2,"ars_nouveau:worn_notebook":1},"minecraft:mined":{"projectvibrantjourneys:short_grass":3,"byg:aspen_log":2}},"DataVersion":2975}